{
    "id": "tavernheroes",
    "name": "tavernheroes",
    "title": "Tavern Heroes",
    "description": "Battlemaps and more.",
    "version": "1.0.0",
    "authors": [
        {
            "name": "Telarn",
            "discord": "Telarn#2667",
            "url": "http://patreon.com/tavernheroes/"
        }
    ],
    "minimumCoreVersion": "10",
    "compatibleCoreVersion": "10",
    "compatibility": {
        "minimum": "10",
        "verified": "10"
    },
    "packs": [
        {
            "name": "module-creatures",
            "label": "TH: Creatures",
            "path": "./packs/creatures.db",
            "entity": "Actor",
            "type": "Actor",
            "system": "dnd5e"
        },
        {
            "name": "module-items",
            "label": "TH: Items",
            "path": "./packs/items.db",
            "entity": "Item",
            "type": "Item",
            "system": "dnd5e"
        },
        {
            "name": "module-scenes",
            "label": "TH: Battlemaps",
            "path": "./packs/scenes.db",
            "entity": "Scene",
            "type": "Scene"
        },
        {
            "name": "module-journal-entries",
            "label": "TH: Journals",
            "path": "./packs/journal-entries.db",
            "entity": "JournalEntry",
            "type": "JournalEntry"
        },
        {
            "name": "module-macros",
            "label": "TH: Macros",
            "path": "./packs/macros.db",
            "entity": "Macro",
            "type": "Macro"
        },
        {
            "name": "module-roll-tables",
            "label": "TH: Rolltables",
            "path": "./packs/roll-tables.db",
            "entity": "RollTable",
            "type": "RollTable"
        },
        {
            "name": "module-playlists",
            "label": "TH: Playlist",
            "path": "./packs/playlists.db",
            "entity": "Playlist",
            "type": "Playlist"
        },
        {
            "name": "module-adventures",
            "label": "TH: Adventures",
            "path": "./packs/adventures.db",
            "entity": "Adventure",
            "type": "Adventure"
        }
    ],
    "manifest": "https://github.com/TavernHeroes/battlemaps/module.json",
    "download": "https://github.com/TavernHeroes/battlemaps/tavernheroes.zip"
  }
